CountryCode,OriginalUrl,FinalUrl,Classification
VN,https://www.samsung.com/vn/sustainability/diversity-and-inclusion/,https://www.samsung.com/vn/sustainability/diversity-and-inclusion/,OOS
VN,https://www.samsung.com/vn/members/news-and-tips/galaxy-ai-elevating-the-ways-we-experience-the-world/,https://www.samsung.com/vn/members/news-and-tips/galaxy-ai-elevating-the-ways-we-experience-the-world/,Unclassified
VN,https://www.samsung.com/vn/offer/megasale/,https://www.samsung.com/vn/offer/megasale/,Offer
VN,https://www.samsung.com/vn/gift-card/e-vouchers/pre-registration-evoucher-z-code-evoucher/,https://www.samsung.com/vn/gift-card/e-vouchers/pre-registration-smartphone-evoucher/,PD
VN,https://www.samsung.com/vn/offer/len-doi-sieu-pham/,https://www.samsung.com/vn/offer/len-doi-sieu-pham/,Offer
VN,https://www.samsung.com/vn/smartphones/galaxy-s/galaxy-s25-pinkgold-256gb-sm-s931bzdcxxv/,https://www.samsung.com/vn/smartphones/galaxy-s25/,Unclassified
VN,https://www.samsung.com/vn/smartphones/galaxy-s/galaxy-s25-pinkgold-512gb-sm-s931bzdqxxv/,https://www.samsung.com/vn/smartphones/galaxy-s25/,Unclassified
VN,https://www.samsung.com/vn/smartphones/galaxy-s/galaxy-s25-blueblack-256gb-sm-s931bzkcxxv/,https://www.samsung.com/vn/smartphones/galaxy-s25/,Unclassified
VN,https://www.samsung.com/vn/smartphones/galaxy-s/galaxy-s25-blueblack-512gb-sm-s931bzkqxxv/,https://www.samsung.com/vn/smartphones/galaxy-s25/,Unclassified
VN,https://www.samsung.com/vn/smartphones/galaxy-s/galaxy-s25-coralred-256gb-sm-s931bzrcxxv/,https://www.samsung.com/vn/smartphones/galaxy-s25/,Unclassified
VN,https://www.samsung.com/vn/smartphones/galaxy-s/galaxy-s25-coralred-512gb-sm-s931bzrqxxv/,https://www.samsung.com/vn/smartphones/galaxy-s25/,Unclassified
VN,https://www.samsung.com/vn/smartphones/galaxy-s/galaxy-s25-navy-256gb-sm-s931bdbcxxv/,https://www.samsung.com/vn/smartphones/galaxy-s25/,Unclassified
VN,https://www.samsung.com/vn/smartphones/galaxy-s/galaxy-s25-navy-512gb-sm-s931bdbqxxv/,https://www.samsung.com/vn/smartphones/galaxy-s25/,Unclassified
VN,https://www.samsung.com/vn/smartphones/galaxy-s/galaxy-s25-icyblue-256gb-sm-s931blbcxxv/,https://www.samsung.com/vn/smartphones/galaxy-s25/,Unclassified
VN,https://www.samsung.com/vn/smartphones/galaxy-s/galaxy-s25-icyblue-512gb-sm-s931blbqxxv/,https://www.samsung.com/vn/smartphones/galaxy-s25/,Unclassified
VN,https://www.samsung.com/vn/smartphones/galaxy-s/galaxy-s25-mint-256gb-sm-s931blgcxxv/,https://www.samsung.com/vn/smartphones/galaxy-s25/,Unclassified
VN,https://www.samsung.com/vn/smartphones/galaxy-s/galaxy-s25-mint-512gb-sm-s931blgqxxv/,https://www.samsung.com/vn/smartphones/galaxy-s25/,Unclassified
VN,https://www.samsung.com/vn/smartphones/galaxy-s/galaxy-s25-silver-shadow-256gb-sm-s931bzscxxv/,https://www.samsung.com/vn/smartphones/galaxy-s25/,Unclassified
VN,https://www.samsung.com/vn/smartphones/galaxy-s/galaxy-s25-silver-shadow-512gb-sm-s931bzsqxxv/,https://www.samsung.com/vn/smartphones/galaxy-s25/,Unclassified
VN,https://www.samsung.com/vn/smartphones/galaxy-s/galaxy-s25-ultra-titanium-silverblue-256gb-sm-s938bzbbxxv/,https://www.samsung.com/vn/smartphones/galaxy-s25-ultra/,Unclassified
VN,https://www.samsung.com/vn/smartphones/galaxy-s/galaxy-s25-ultra-titanium-silverblue-512gb-sm-s938bzbcxxv/,https://www.samsung.com/vn/smartphones/galaxy-s25-ultra/,Unclassified
VN,https://www.samsung.com/vn/smartphones/galaxy-s/galaxy-s25-ultra-titanium-silverblue-1tb-sm-s938bzbqxxv/,https://www.samsung.com/vn/smartphones/galaxy-s25-ultra/,Unclassified
VN,https://www.samsung.com/vn/smartphones/galaxy-s/galaxy-s25-ultra-titanium-black-256gb-sm-s938bzkbxxv/,https://www.samsung.com/vn/smartphones/galaxy-s25-ultra/,Unclassified
VN,https://www.samsung.com/vn/smartphones/galaxy-s/galaxy-s25-ultra-titanium-black-512gb-sm-s938bzkcxxv/,https://www.samsung.com/vn/smartphones/galaxy-s25-ultra/,Unclassified
VN,https://www.samsung.com/vn/smartphones/galaxy-s/galaxy-s25-ultra-titanium-black-1tb-sm-s938bzkqxxv/,https://www.samsung.com/vn/smartphones/galaxy-s25-ultra/,Unclassified
VN,https://www.samsung.com/vn/smartphones/galaxy-s/galaxy-s25-ultra-titanium-whitesilver-256gb-sm-s938bzsbxxv/,https://www.samsung.com/vn/smartphones/galaxy-s25-ultra/,Unclassified
VN,https://www.samsung.com/vn/smartphones/galaxy-s/galaxy-s25-ultra-titanium-whitesilver-512gb-sm-s938bzscxxv/,https://www.samsung.com/vn/smartphones/galaxy-s25-ultra/,Unclassified
VN,https://www.samsung.com/vn/smartphones/galaxy-s/galaxy-s25-ultra-titanium-whitesilver-1tb-sm-s938bzsqxxv/,https://www.samsung.com/vn/smartphones/galaxy-s25-ultra/,Unclassified
VN,https://www.samsung.com/vn/smartphones/galaxy-s/galaxy-s25-ultra-titanium-gray-256gb-sm-s938bztbxxv/,https://www.samsung.com/vn/smartphones/galaxy-s25-ultra/,Unclassified
VN,https://www.samsung.com/vn/smartphones/galaxy-s/galaxy-s25-ultra-titanium-gray-512gb-sm-s938bztcxxv/,https://www.samsung.com/vn/smartphones/galaxy-s25-ultra/,Unclassified
VN,https://www.samsung.com/vn/smartphones/galaxy-s/galaxy-s25-ultra-titanium-gray-1tb-sm-s938bztqxxv/,https://www.samsung.com/vn/smartphones/galaxy-s25-ultra/,Unclassified
VN,https://www.samsung.com/vn/smartphones/galaxy-s/galaxy-s25-plus-pinkgold-256gb-sm-s936bzdbxxv/,https://www.samsung.com/vn/smartphones/galaxy-s25/,Unclassified
VN,https://www.samsung.com/vn/smartphones/galaxy-s/galaxy-s25-plus-pinkgold-512gb-sm-s936bzdcxxv/,https://www.samsung.com/vn/smartphones/galaxy-s25/,Unclassified
VN,https://www.samsung.com/vn/smartphones/galaxy-s/galaxy-s25-plus-blueblack-256gb-sm-s936bzkbxxv/,https://www.samsung.com/vn/smartphones/galaxy-s25/,Unclassified
VN,https://www.samsung.com/vn/smartphones/galaxy-s/galaxy-s25-plus-blueblack-512gb-sm-s936bzkcxxv/,https://www.samsung.com/vn/smartphones/galaxy-s25/,Unclassified
VN,https://www.samsung.com/vn/smartphones/galaxy-s/galaxy-s25-plus-coralred-256gb-sm-s936bzrbxxv/,https://www.samsung.com/vn/smartphones/galaxy-s25/,Unclassified
VN,https://www.samsung.com/vn/smartphones/galaxy-s/galaxy-s25-plus-coralred-512gb-sm-s936bzrcxxv/,https://www.samsung.com/vn/smartphones/galaxy-s25/,Unclassified
VN,https://www.samsung.com/vn/smartphones/galaxy-s/galaxy-s25-ultra-titanium-jetblack-256gb-sm-s938bakbxxv/,https://www.samsung.com/vn/smartphones/galaxy-s25-ultra/,Unclassified
VN,https://www.samsung.com/vn/smartphones/galaxy-s/galaxy-s25-ultra-titanium-jetblack-512gb-sm-s938bakcxxv/,https://www.samsung.com/vn/smartphones/galaxy-s25-ultra/,Unclassified
VN,https://www.samsung.com/vn/smartphones/galaxy-s/galaxy-s25-ultra-titanium-jetblack-1tb-sm-s938bakqxxv/,https://www.samsung.com/vn/smartphones/galaxy-s25-ultra/,Unclassified
VN,https://www.samsung.com/vn/smartphones/galaxy-s/galaxy-s25-ultra-titanium-pinkgold-256gb-sm-s938bzdbxxv/,https://www.samsung.com/vn/smartphones/galaxy-s25-ultra/,Unclassified
VN,https://www.samsung.com/vn/smartphones/galaxy-s/galaxy-s25-ultra-titanium-pinkgold-512gb-sm-s938bzdcxxv/,https://www.samsung.com/vn/smartphones/galaxy-s25-ultra/,Unclassified
VN,https://www.samsung.com/vn/smartphones/galaxy-s/galaxy-s25-ultra-titanium-pinkgold-1tb-sm-s938bzdqxxv/,https://www.samsung.com/vn/smartphones/galaxy-s25-ultra/,Unclassified
VN,https://www.samsung.com/vn/smartphones/galaxy-s/galaxy-s25-ultra-titanium-jadegreen-256gb-sm-s938bzgbxxv/,https://www.samsung.com/vn/smartphones/galaxy-s25-ultra/,Unclassified
VN,https://www.samsung.com/vn/smartphones/galaxy-s/galaxy-s25-ultra-titanium-jadegreen-512gb-sm-s938bzgcxxv/,https://www.samsung.com/vn/smartphones/galaxy-s25-ultra/,Unclassified
VN,https://www.samsung.com/vn/smartphones/galaxy-s/galaxy-s25-ultra-titanium-jadegreen-1tb-sm-s938bzgqxxv/,https://www.samsung.com/vn/smartphones/galaxy-s25-ultra/,Unclassified
VN,https://www.samsung.com/vn/smartphones/galaxy-s/galaxy-s25-plus-navy-256gb-sm-s936bdbbxxv/,https://www.samsung.com/vn/smartphones/galaxy-s25/,Unclassified
VN,https://www.samsung.com/vn/smartphones/galaxy-s/galaxy-s25-plus-navy-512gb-sm-s936bdbcxxv/,https://www.samsung.com/vn/smartphones/galaxy-s25/,Unclassified
VN,https://www.samsung.com/vn/smartphones/galaxy-s/galaxy-s25-plus-icyblue-256gb-sm-s936blbbxxv/,https://www.samsung.com/vn/smartphones/galaxy-s25/,Unclassified
VN,https://www.samsung.com/vn/smartphones/galaxy-s/galaxy-s25-plus-icyblue-512gb-sm-s936blbcxxv/,https://www.samsung.com/vn/smartphones/galaxy-s25/,Unclassified
VN,https://www.samsung.com/vn/smartphones/galaxy-s/galaxy-s25-plus-mint-256gb-sm-s936blgbxxv/,https://www.samsung.com/vn/smartphones/galaxy-s25/,Unclassified
VN,https://www.samsung.com/vn/smartphones/galaxy-s/galaxy-s25-plus-mint-512gb-sm-s936blgcxxv/,https://www.samsung.com/vn/smartphones/galaxy-s25/,Unclassified
VN,https://www.samsung.com/vn/smartphones/galaxy-s/galaxy-s25-plus-silver-shadow-256gb-sm-s936bzsbxxv/,https://www.samsung.com/vn/smartphones/galaxy-s25/,Unclassified
VN,https://www.samsung.com/vn/smartphones/galaxy-s/galaxy-s25-plus-silver-shadow-512gb-sm-s936bzscxxv/,https://www.samsung.com/vn/smartphones/galaxy-s25/,Unclassified
VN,https://www.samsung.com/vn/smartphones/galaxy-s25-ultra/,https://www.samsung.com/vn/smartphones/galaxy-s25-ultra/,Unclassified
VN,https://www.samsung.com/vn/smartphones/galaxy-s25/,https://www.samsung.com/vn/smartphones/galaxy-s25/,Unclassified
VN,https://www.samsung.com/vn/,https://www.samsung.com/vn/,Unclassified
VN,https://www.samsung.com/vn/smartphones/,https://www.samsung.com/vn/smartphones/,PCD
VN,https://www.samsung.com/vn/tablets/,https://www.samsung.com/vn/tablets/?product1=sm-x926bzaaxxv&product2=sm-x826bzaaxxv&product3=sm-x916bzaexxv,PCD
VN,https://www.samsung.com/vn/watches/,https://www.samsung.com/vn/watches/?product1=sm-r930nzetxxv&product2=sm-r950nzkaxxv&product3=sm-r920nztaxxv,PCD
VN,https://www.samsung.com/vn/audio-sound/,https://www.samsung.com/vn/audio-sound/?product1=sm-r630nzaaxxv&product2=sm-r530nzaaxxv&product3=sm-r400nzaaxxv,PCD
VN,https://www.samsung.com/vn/mobile-accessories/,https://www.samsung.com/vn/mobile-accessories/,PCD
VN,https://www.samsung.com/vn/samsung-live/,https://www.samsung.com/vn/samsung-live/,Unclassified
VN,https://www.samsung.com/vn/smartphones/galaxy-s25/buy/,https://www.samsung.com/vn/smartphones/galaxy-s25/buy/,OOS
VN,https://www.samsung.com/vn/smartphones/galaxy-s25-ultra/buy/,https://www.samsung.com/vn/smartphones/galaxy-s25-ultra/buy/,OOS
VN,https://www.samsung.com/vn/lifestyle-tvs/the-frame/highlights/,https://www.samsung.com/vn/lifestyle-tvs/the-frame/highlights/,Unclassified
VN,https://www.samsung.com/vn/lifestyle-tvs/the-frame/design/,https://www.samsung.com/vn/lifestyle-tvs/the-frame/design/,Unclassified
VN,https://www.samsung.com/vn/lifestyle-tvs/the-frame/art-mode/,https://www.samsung.com/vn/lifestyle-tvs/the-frame/art-mode/,Unclassified
VN,https://www.samsung.com/vn/mobile/mobile-phone-buying-guide/samsung-galaxy-s25-series-online-exclusive-colors-offers/,https://www.samsung.com/vn/mobile/mobile-phone-buying-guide/samsung-galaxy-s25-series-online-exclusive-colors-offers/,Unclassified
VN,https://www.samsung.com/vn/smartphones/galaxy-s25/compare/,https://www.samsung.com/vn/smartphones/galaxy-s25/compare/,Unclassified
VN,https://www.samsung.com/vn/smartphones/galaxy-s25-ultra/compare/,https://www.samsung.com/vn/smartphones/galaxy-s25-ultra/compare/,Unclassified
VN,https://www.samsung.com/vn/accessories/galaxy-studio/galaxy-s25-ultra/,https://www.samsung.com/vn/accessories/galaxy-studio/galaxy-s25-ultra/,Unclassified
VN,https://www.samsung.com/vn/accessories/galaxy-studio/galaxy-s25-plus/,https://www.samsung.com/vn/accessories/galaxy-studio/galaxy-s25-plus/,Unclassified
VN,https://www.samsung.com/vn/accessories/galaxy-studio/galaxy-s25/,https://www.samsung.com/vn/accessories/galaxy-studio/galaxy-s25/,Unclassified
VN,https://www.samsung.com/vn/smartphones/galaxy-s25-ultra/reviews/,https://www.samsung.com/vn/smartphones/galaxy-s25-ultra/reviews/,Unclassified
VN,https://www.samsung.com/vn/smartphones/galaxy-s25/reviews/,https://www.samsung.com/vn/smartphones/galaxy-s25/reviews/,Unclassified
VN,https://www.samsung.com/vn/smartphones/galaxy-s25-ultra/specs/,https://www.samsung.com/vn/smartphones/galaxy-s25-ultra/specs/,Unclassified
VN,https://www.samsung.com/vn/smartphones/galaxy-s25-ultra/accessories/,https://www.samsung.com/vn/smartphones/galaxy-s25-ultra/accessories/,Unclassified
VN,https://www.samsung.com/vn/smartphones/galaxy-s25/specs/,https://www.samsung.com/vn/smartphones/galaxy-s25/specs/,Unclassified
VN,https://www.samsung.com/vn/smartphones/galaxy-s25/accessories/,https://www.samsung.com/vn/smartphones/galaxy-s25/accessories/,Unclassified
VN,https://www.samsung.com/vn/unpacked/,https://www.samsung.com/vn/smartphones/galaxy-s25-ultra/,Unclassified
VN,https://www.samsung.com/vn/home-appliances/bespoke-ai-smartthings/,https://www.samsung.com/vn/home-appliances/bespoke-ai-smartthings/,Unclassified
VN,https://www.samsung.com/vn/explore/entertainment/day-in-life-utopia-for-gamers-an-extraordinary-day-with-the-odyssey-oled-g8/,https://www.samsung.com/vn/explore/entertainment/day-in-life-utopia-for-gamers-an-extraordinary-day-with-the-odyssey-oled-g8/,Explore
VN,https://www.samsung.com/vn/members/all-content/brand/invitation-galaxy-unpacked-january-2025-the-next-big-leap-in-mobile-ai-experiences/,https://www.samsung.com/vn/members/all-content/brand/invitation-galaxy-unpacked-january-2025-the-next-big-leap-in-mobile-ai-experiences/,Unclassified
VN,https://www.samsung.com/vn/members/all-content/brand/samsung-expands-ai-home-across-diverse-home-appliance-portfolio-realizing-screens-everywhere-vision/,https://www.samsung.com/vn/members/all-content/brand/samsung-expands-ai-home-across-diverse-home-appliance-portfolio-realizing-screens-everywhere-vision/,Unclassified
VN,https://www.samsung.com/vn/members/all-content/brand/video-ces-2025-samsung-unveils-vision-ai-at-first-look/,https://www.samsung.com/vn/members/all-content/brand/video-ces-2025-samsung-unveils-vision-ai-at-first-look/,Unclassified
VN,https://www.samsung.com/vn/members/all-content/product/samsung-brings-eclipsa-audio-3d-technology-developed-with-google-to-2025-tvs-and-soundbars/,https://www.samsung.com/vn/members/all-content/product/samsung-brings-eclipsa-audio-3d-technology-developed-with-google-to-2025-tvs-and-soundbars/,Unclassified
VN,https://www.samsung.com/vn/members/all-content/,https://www.samsung.com/vn/members/,Unclassified
VN,https://www.samsung.com/vn/members/dashboard/,https://www.samsung.com/vn/members/,Unclassified
VN,https://www.samsung.com/vn/explore/brand/samsung-expands-ai-home-across-diverse-home-appliance-portfolio-realizing-screens-everywhere-vision/,https://www.samsung.com/vn/explore/brand/samsung-expands-ai-home-across-diverse-home-appliance-portfolio-realizing-screens-everywhere-vision/,Explore
VN,https://www.samsung.com/vn/explore/brand/video-ces-2025-samsung-unveils-vision-ai-at-first-look/,https://www.samsung.com/vn/explore/brand/video-ces-2025-samsung-unveils-vision-ai-at-first-look/,Explore
VN,https://www.samsung.com/vn/explore/entertainment/samsung-brings-eclipsa-audio-3d-technology-developed-with-google-to-2025-tvs-and-soundbars/,https://www.samsung.com/vn/explore/entertainment/samsung-brings-eclipsa-audio-3d-technology-developed-with-google-to-2025-tvs-and-soundbars/,Explore
VN,https://www.samsung.com/vn/microwave-ovens/all-microwave-ovens/,https://www.samsung.com/vn/microwave-ovens/all-microwave-ovens/,PF
VN,https://www.samsung.com/vn/monitors/gaming/odyssey-oled-g9-g95sc-49-inch-240hz-curved-dual-qhd-ls49cg954sexxv/,https://www.samsung.com/vn/monitors/gaming/odyssey-oled-g9-g95sc-49-inch-240hz-curved-dual-qhd-ls49cg954sexxv/,PD
VN,https://www.samsung.com/vn/monitors/gaming/dqhd-monitor-with-1000r-curved-display-49-inch-lc49g95tssexxv/,https://www.samsung.com/vn/monitors/gaming/dqhd-monitor-with-1000r-curved-display-49-inch-lc49g95tssexxv/,PD
VN,https://www.samsung.com/vn/monitors/high-resolution/s80pb-32-32-inch-ips-uhd-hdr-ls32b800pxexxv/,https://www.samsung.com/vn/monitors/high-resolution/s80pb-32-32-inch-ips-uhd-hdr-ls32b800pxexxv/,PD
VN,https://www.samsung.com/vn/monitors/gaming/odyssey-g5-34-inch-165hz-curved-ultra-wqhd-lc34g55twwexxv/,https://www.samsung.com/vn/monitors/gaming/odyssey-g5-34-inch-165hz-curved-ultra-wqhd-lc34g55twwexxv/,PD
VN,https://www.samsung.com/vn/monitors/high-resolution/s80pb-27-27-inch-ips-uhd-hdr-ls27b800pxexxv/,https://www.samsung.com/vn/monitors/high-resolution/s80pb-27-27-inch-ips-uhd-hdr-ls27b800pxexxv/,PD
VN,https://www.samsung.com/vn/monitors/curved/fhd-curved-monitor-with-bezel-less-design-27-inch-lc27r500fhexxv/,https://www.samsung.com/vn/monitors/curved/fhd-curved-monitor-with-bezel-less-design-27-inch-lc27r500fhexxv/,PD
VN,https://www.samsung.com/vn/refrigerators/side-by-side/,https://www.samsung.com/vn/refrigerators/side-by-side/,PF
VN,https://www.samsung.com/vn/refrigerators/bottom-mount-freezer/,https://www.samsung.com/vn/refrigerators/bottom-mount-freezer/,PF
VN,https://www.samsung.com/vn/refrigerators/all-refrigerators/,https://www.samsung.com/vn/refrigerators/all-refrigerators/,PF
VN,https://www.samsung.com/vn/offer/,https://www.samsung.com/vn/offer/,Offer
VN,https://www.samsung.com/vn/refrigerators/,https://www.samsung.com/vn/refrigerators/,PCD
VN,https://www.samsung.com/vn/refrigerators/multi-door/,https://www.samsung.com/vn/refrigerators/multi-door/,PF
VN,https://www.samsung.com/vn/refrigerators/top-mount-freezer/,https://www.samsung.com/vn/refrigerators/top-mount-freezer/,PF
VN,https://www.samsung.com/vn/bespoke/refrigerators/,https://www.samsung.com/vn/bespoke/refrigerators/,PF
VN,https://www.samsung.com/vn/offer/samsung-club-affiliates/,https://www.samsung.com/vn/offer/samsung-club-affiliates/,Offer
VN,https://www.samsung.com/vn/microwave-ovens/grill/mw5000t-grill-fry-crusty-plate-mg23t5018ce-sv/,https://www.samsung.com/vn/microwave-ovens/grill/mw5000t-grill-fry-crusty-plate-mg23t5018ce-sv/,PD
VN,https://www.samsung.com/vn/microwave-ovens/grill/microwave-oven-grill-mg23k3575as/,https://www.samsung.com/vn/microwave-ovens/grill/microwave-oven-grill-mg23k3575as/,PD
VN,https://www.samsung.com/vn/explore/brand/olympic-games-and-samsung-galaxy/,https://www.samsung.com/vn/explore/brand/olympic-games-and-samsung-galaxy/,Explore
VN,https://www.samsung.com/vn/refrigerators/side-by-side/rs4000dc-sbside-with-large-capacity-rs4000dc-side-by-side-with-large-capacity-583l-silver-rs57dg400em9sv/,https://www.samsung.com/vn/refrigerators/side-by-side/rs4000dc-sbside-with-large-capacity-rs4000dc-side-by-side-with-large-capacity-583l-silver-rs57dg400em9sv/,PD
VN,https://www.samsung.com/vn/refrigerators/side-by-side/680l-sweet-gold-rs62r50014g-sv/,https://www.samsung.com/vn/refrigerators/side-by-side/680l-gentle-black-matt-rs62r5001b4-sv/,PD
VN,https://www.samsung.com/vn/refrigerators/side-by-side/680l-gentle-black-matt-rs62r5001b4-sv/,https://www.samsung.com/vn/refrigerators/side-by-side/680l-gentle-black-matt-rs62r5001b4-sv/,PD
VN,https://www.samsung.com/vn/refrigerators/side-by-side/680l-gentle-silver-matt-rs62r5001m9-sv/,https://www.samsung.com/vn/refrigerators/side-by-side/680l-gentle-silver-matt-rs62r5001m9-sv/,PD
VN,https://www.samsung.com/vn/refrigerators/top-mount-freezer/rt5300c-top-mount-freezer-spacemax-305l-black-rt31cg5424b1sv/,https://www.samsung.com/vn/refrigerators/top-mount-freezer/rt5300c-top-mount-freezer-spacemax-305l-black-rt31cg5424b1sv/,PD
VN,https://www.samsung.com/vn/refrigerators/top-mount-freezer/rt5300c-top-mount-freezer-spacemax-305l-silver-rt31cg5424s9sv/,https://www.samsung.com/vn/refrigerators/top-mount-freezer/rt5300c-top-mount-freezer-spacemax-305l-black-rt31cg5424b1sv/,PD
VN,https://www.samsung.com/vn/refrigerators/top-mount-freezer/rt5300c-top-mount-freezer-spacemax-348l-black-rt35cg5424b1sv/,https://www.samsung.com/vn/refrigerators/top-mount-freezer/rt5300c-top-mount-freezer-spacemax-305l-black-rt31cg5424b1sv/,PD
VN,https://www.samsung.com/vn/refrigerators/top-mount-freezer/rt5300c-top-mount-freezer-spacemax-345l-black-rt35cg5544b1sv/,https://www.samsung.com/vn/refrigerators/top-mount-freezer/rt5300c-top-mount-freezer-spacemax-345l-black-rt35cg5544b1sv/,PD
VN,https://www.samsung.com/vn/refrigerators/side-by-side/rs4000dc-sbside-with-large-capacity-rs4000dc-side-by-side-with-large-capacity-578l-black-rs57dg410eb4sv/,https://www.samsung.com/vn/refrigerators/side-by-side/rs4000dc-sbside-with-large-capacity-rs4000dc-side-by-side-with-large-capacity-578l-black-rs57dg410eb4sv/,PD
VN,https://www.samsung.com/vn/refrigerators/top-mount-freezer/rt6300c-top-mount-freezer-bespoke-design-385l-clean-white-rt38cb668412sv/,https://www.samsung.com/vn/refrigerators/top-mount-freezer/rt6300c-top-mount-freezer-bespoke-design-385l-clean-white-rt38cb668412sv/,PD
VN,https://www.samsung.com/vn/refrigerators/top-mount-freezer/rt6300c-top-mount-freezer-bespoke-design-382l-rt38cb6784c3sv/,https://www.samsung.com/vn/refrigerators/top-mount-freezer/rt6300c-top-mount-freezer-bespoke-design-382l-rt38cb6784c3sv/,PD
VN,https://www.samsung.com/vn/refrigerators/top-mount-freezer/rt6300c-top-mount-freezer-bespoke-design-406l-rt42cb6784c3sv/,https://www.samsung.com/vn/refrigerators/top-mount-freezer/rt6300c-top-mount-freezer-bespoke-design-406l-rt42cb6784c3sv/,PD
VN,https://www.samsung.com/vn/refrigerators/top-mount-freezer/rt6300c-top-mount-freezer-bespoke-design-406l-rt47cb66868asv/,https://www.samsung.com/vn/refrigerators/top-mount-freezer/rt6300c-top-mount-freezer-bespoke-design-406l-rt47cb66868asv/,PD
VN,https://www.samsung.com/vn/refrigerators/top-mount-freezer/rt6300c-top-mount-freezer-optimal-fresh-and-space-max-382l-black-rt38cg6584b1sv/,https://www.samsung.com/vn/refrigerators/top-mount-freezer/rt6300c-top-mount-freezer-optimal-fresh-and-space-max-382l-black-rt38cg6584b1sv/,PD
VN,https://www.samsung.com/vn/refrigerators/top-mount-freezer/rt6300c-top-mount-freezer-optimal-fresh-and-space-max-406l-black-rt42cg6584b1sv/,https://www.samsung.com/vn/refrigerators/top-mount-freezer/rt6300c-top-mount-freezer-optimal-fresh-and-space-max-406l-black-rt42cg6584b1sv/,PD
VN,https://www.samsung.com/vn/refrigerators/top-mount-freezer/rt6300c-top-mount-freezer-smartthings-ai-energy-mode-406l-silver-rt42cg6584s9sv/,https://www.samsung.com/vn/refrigerators/top-mount-freezer/rt6300c-top-mount-freezer-optimal-fresh-and-space-max-382l-black-rt38cg6584b1sv/,PD
VN,https://www.samsung.com/vn/washers-and-dryers/airdresser/df7000cm-dryer-dual-airwash-dual-jetsteam-bulky-care-silver-df24cb9900crsv/,https://www.samsung.com/vn/washers-and-dryers/airdresser/df7000cm-dryer-dual-airwash-dual-jetsteam-bulky-care-silver-df24cb9900crsv/,PD
VN,https://www.samsung.com/vn/washers-and-dryers/airdresser/df5000cm-dryer-dual-airwash-dual-jetsteam-ai-dry-beige-df18cb8600ersv/,https://www.samsung.com/vn/washers-and-dryers/airdresser/df5000cm-dryer-dual-airwash-dual-jetsteam-ai-dry-beige-df18cb8600ersv/,PD
VN,https://www.samsung.com/vn/lifestyle-tvs/the-serif/ls01d-65-inch-white-qa65ls01dakxxv/,https://www.samsung.com/vn/lifestyle-tvs/the-serif/ls01d-65-inch-white-qa65ls01dakxxv/,PD
VN,https://www.samsung.com/vn/home-appliances/bespoke-home/,https://www.samsung.com/vn/home-appliances/bespoke-home/,Unclassified
VN,https://www.samsung.com/vn/may-giat-thong-minh-ai/,https://www.samsung.com/vn/may-giat-thong-minh-ai/,Unclassified
VN,https://www.samsung.com/vn/washers-and-dryers/,https://www.samsung.com/vn/washers-and-dryers/,PCD
VN,https://www.samsung.com/vn/vacuum-cleaners/,https://www.samsung.com/vn/vacuum-cleaners/,PCD
VN,https://www.samsung.com/vn/projectors/,https://www.samsung.com/vn/projectors/,PCD
VN,https://www.samsung.com/vn/refrigerators/bottom-mount-freezer/rb4000-285l-black-rb27n4010bu-sv/,https://www.samsung.com/vn/refrigerators/bottom-mount-freezer/rb4000-285l-black-rb27n4010bu-sv/,PD
VN,https://www.samsung.com/vn/refrigerators/bottom-mount-freezer/rb4000-285l-brown-rb27n4010by-sv/,https://www.samsung.com/vn/refrigerators/bottom-mount-freezer/rb4000-285l-black-rb27n4010bu-sv/,PD
VN,https://www.samsung.com/vn/refrigerators/bottom-mount-freezer/elegant-inox-280l-silver-rb27n4010s8-sv/,https://www.samsung.com/vn/refrigerators/bottom-mount-freezer/rb4000-285l-black-rb27n4010bu-sv/,PD
VN,https://www.samsung.com/vn/refrigerators/bottom-mount-freezer/rb4000-315l-black-rb30n4010bu-sv/,https://www.samsung.com/vn/refrigerators/bottom-mount-freezer/rb4000-285l-black-rb27n4010bu-sv/,PD
VN,https://www.samsung.com/vn/refrigerators/bottom-mount-freezer/rb4000-315l-silver-rb30n4010s8-sv/,https://www.samsung.com/vn/refrigerators/bottom-mount-freezer/rb4000-285l-black-rb27n4010bu-sv/,PD
VN,https://www.samsung.com/vn/refrigerators/bottom-mount-freezer/rb4000n-optimal-fresh-zone-282l-black-rb27n4170bu-sv/,https://www.samsung.com/vn/refrigerators/all-refrigerators/,PF
VN,https://www.samsung.com/vn/refrigerators/bottom-mount-freezer/307l-starry-black-rb30n4170bu-sv/,https://www.samsung.com/vn/refrigerators/all-refrigerators/,PF
VN,https://www.samsung.com/vn/refrigerators/bottom-mount-freezer/rb4000n-optimal-fresh-zone-313l-brown-rb30n4170by-sv/,https://www.samsung.com/vn/refrigerators/all-refrigerators/,PF
VN,https://www.samsung.com/vn/refrigerators/bottom-mount-freezer/307l-elegant-inox-rb30n4170s8-sv/,https://www.samsung.com/vn/refrigerators/all-refrigerators/,PF
VN,https://www.samsung.com/vn/smartphones/galaxy-a/galaxy-a15-5g-light-blue-256gb-sm-a156elbixxv/,https://www.samsung.com/vn/smartphones/galaxy-a/galaxy-a15-5g-light-blue-256gb-sm-a156elbixxv/,PD
VN,https://www.samsung.com/vn/smartphones/galaxy-a/galaxy-a15-5g-blue-256gb-sm-a156ezbixxv/,https://www.samsung.com/vn/smartphones/galaxy-a/galaxy-a15-5g-blue-256gb-sm-a156ezbixxv/,PD
VN,https://www.samsung.com/vn/smartphones/galaxy-a/galaxy-a15-5g-blue-256gb-sm-a156ezkixxv/,https://www.samsung.com/vn/smartphones/galaxy-a/galaxy-a15-5g-blue-256gb-sm-a156ezkixxv/,PD
VN,https://www.samsung.com/vn/smartphones/galaxy-a/galaxy-a05s-light-green-128gb-sm-a057flggxxv/,https://www.samsung.com/vn/smartphones/galaxy-a/galaxy-a05s-light-green-128gb-sm-a057flggxxv/,PD
VN,https://www.samsung.com/vn/smartphones/galaxy-a/galaxy-a05s-light-green-128gb-sm-a057flghxxv/,https://www.samsung.com/vn/smartphones/galaxy-a/galaxy-a05s-light-green-128gb-sm-a057flghxxv/,PD
VN,https://www.samsung.com/vn/smartphones/galaxy-a/galaxy-a05s-black-128gb-sm-a057fzkgxxv/,https://www.samsung.com/vn/smartphones/galaxy-a/galaxy-a05s-black-128gb-sm-a057fzkgxxv/,PD
VN,https://www.samsung.com/vn/smartphones/galaxy-a/galaxy-a05s-black-128gb-sm-a057fzkhxxv/,https://www.samsung.com/vn/smartphones/galaxy-a/galaxy-a05s-black-128gb-sm-a057fzkhxxv/,PD
VN,https://www.samsung.com/vn/smartphones/galaxy-a/galaxy-a05s-silver-128gb-sm-a057fzsgxxv/,https://www.samsung.com/vn/smartphones/galaxy-a/galaxy-a05s-silver-128gb-sm-a057fzsgxxv/,PD
VN,https://www.samsung.com/vn/smartphones/galaxy-a/galaxy-a05s-silver-128gb-sm-a057fzshxxv/,https://www.samsung.com/vn/smartphones/galaxy-a/galaxy-a05s-silver-128gb-sm-a057fzshxxv/,PD
VN,https://www.samsung.com/vn/smartphones/galaxy-a/galaxy-a16-5g-light-green-128gb-sm-a166plghxxv/,https://www.samsung.com/vn/smartphones/galaxy-a/galaxy-a16-5g-light-green-128gb-sm-a166plghxxv/,PD
VN,https://www.samsung.com/vn/smartphones/galaxy-a/galaxy-a16-5g-light-green-256gb-sm-a166plgixxv/,https://www.samsung.com/vn/smartphones/galaxy-a/galaxy-a16-5g-light-green-256gb-sm-a166plgixxv/,PD
VN,https://www.samsung.com/vn/smartphones/galaxy-a/galaxy-a16-5g-gold-128gb-sm-a166pzdhxxv/,https://www.samsung.com/vn/smartphones/galaxy-a/galaxy-a16-5g-gold-128gb-sm-a166pzdhxxv/,PD
VN,https://www.samsung.com/vn/smartphones/galaxy-a/galaxy-a16-5g-gold-256gb-sm-a166pzdixxv/,https://www.samsung.com/vn/smartphones/galaxy-a/galaxy-a16-5g-gold-256gb-sm-a166pzdixxv/,PD
VN,https://www.samsung.com/vn/smartphones/galaxy-a/galaxy-a16-5g-blue-black-128gb-sm-a166pzkhxxv/,https://www.samsung.com/vn/smartphones/galaxy-a/galaxy-a16-5g-blue-black-128gb-sm-a166pzkhxxv/,PD
VN,https://www.samsung.com/vn/smartphones/galaxy-a/galaxy-a16-5g-blue-black-256gb-sm-a166pzkixxv/,https://www.samsung.com/vn/smartphones/galaxy-a/galaxy-a16-5g-blue-black-256gb-sm-a166pzkixxv/,PD
VN,https://www.samsung.com/vn/smartphones/galaxy-a/galaxy-a15-blue-128gb-sm-a155fzbhxxv/,https://www.samsung.com/vn/smartphones/galaxy-a/galaxy-a15-blue-128gb-sm-a155fzbhxxv/,PD
VN,https://www.samsung.com/vn/smartphones/galaxy-a/galaxy-a15-blue-256gb-sm-a155fzbixxv/,https://www.samsung.com/vn/smartphones/galaxy-a/galaxy-a15-blue-256gb-sm-a155fzbixxv/,PD
VN,https://www.samsung.com/vn/smartphones/galaxy-a/galaxy-a15-black-128gb-sm-a155fzkhxxv/,https://www.samsung.com/vn/smartphones/galaxy-a/galaxy-a15-black-128gb-sm-a155fzkhxxv/,PD
VN,https://www.samsung.com/vn/smartphones/galaxy-a/galaxy-a15-black-256gb-sm-a155fzkixxv/,https://www.samsung.com/vn/smartphones/galaxy-a/galaxy-a15-black-256gb-sm-a155fzkixxv/,PD
VN,https://www.samsung.com/vn/smartphones/galaxy-a/galaxy-a15-yellow-128gb-sm-a155fzyhxxv/,https://www.samsung.com/vn/smartphones/galaxy-a/galaxy-a15-yellow-128gb-sm-a155fzyhxxv/,PD
VN,https://www.samsung.com/vn/smartphones/galaxy-a/galaxy-a15-yellow-256gb-sm-a155fzyixxv/,https://www.samsung.com/vn/smartphones/galaxy-a/galaxy-a15-yellow-256gb-sm-a155fzyixxv/,PD
VN,https://www.samsung.com/vn/smartphones/galaxy-a/galaxy-a16-light-green-128gb-sm-a165flgdxxv/,https://www.samsung.com/vn/smartphones/galaxy-a/galaxy-a16-light-green-128gb-sm-a165flgdxxv/,PD
VN,https://www.samsung.com/vn/smartphones/galaxy-a/galaxy-a16-light-green-128gb-sm-a165flghxxv/,https://www.samsung.com/vn/smartphones/galaxy-a/galaxy-a16-light-green-128gb-sm-a165flghxxv/,PD
VN,https://www.samsung.com/vn/smartphones/galaxy-a/galaxy-a16-light-green-256gb-sm-a165flgixxv/,https://www.samsung.com/vn/smartphones/galaxy-a/galaxy-a16-light-green-256gb-sm-a165flgixxv/,PD
VN,https://www.samsung.com/vn/smartphones/galaxy-a/galaxy-a16-light-gray-128gb-sm-a165fzadxxv/,https://www.samsung.com/vn/smartphones/galaxy-a/galaxy-a16-light-gray-128gb-sm-a165fzadxxv/,PD
VN,https://www.samsung.com/vn/smartphones/galaxy-a/galaxy-a16-light-gray-128gb-sm-a165fzahxxv/,https://www.samsung.com/vn/smartphones/galaxy-a/galaxy-a16-light-gray-128gb-sm-a165fzahxxv/,PD
VN,https://www.samsung.com/vn/smartphones/galaxy-a/galaxy-a16-light-gray-256gb-sm-a165fzaixxv/,https://www.samsung.com/vn/smartphones/galaxy-a/galaxy-a16-light-gray-256gb-sm-a165fzaixxv/,PD
VN,https://www.samsung.com/vn/smartphones/galaxy-a/galaxy-a16-black-128gb-sm-a165fzkdxxv/,https://www.samsung.com/vn/smartphones/galaxy-a/galaxy-a16-black-128gb-sm-a165fzkdxxv/,PD
VN,https://www.samsung.com/vn/smartphones/galaxy-a/galaxy-a16-black-128gb-sm-a165fzkhxxv/,https://www.samsung.com/vn/smartphones/galaxy-a/galaxy-a16-black-128gb-sm-a165fzkhxxv/,PD
VN,https://www.samsung.com/vn/smartphones/galaxy-a/galaxy-a16-black-256gb-sm-a165fzkixxv/,https://www.samsung.com/vn/smartphones/galaxy-a/galaxy-a16-black-256gb-sm-a165fzkixxv/,PD
VN,https://www.samsung.com/vn/smartphones/galaxy-a/galaxy-a06-light-blue-64gb-sm-a065flbdxxv/,https://www.samsung.com/vn/smartphones/galaxy-a/galaxy-a06-light-blue-64gb-sm-a065flbdxxv/,PD
VN,https://www.samsung.com/vn/smartphones/galaxy-a/galaxy-a06-light-blue-128gb-sm-a065flbgxxv/,https://www.samsung.com/vn/smartphones/galaxy-a/galaxy-a06-light-blue-128gb-sm-a065flbgxxv/,PD
VN,https://www.samsung.com/vn/smartphones/galaxy-a/galaxy-a06-light-blue-128gb-sm-a065flbhxxv/,https://www.samsung.com/vn/smartphones/galaxy-a/galaxy-a06-light-blue-128gb-sm-a065flbhxxv/,PD
VN,https://www.samsung.com/vn/smartphones/galaxy-a/galaxy-a06-light-green-64gb-sm-a065flgdxxv/,https://www.samsung.com/vn/smartphones/galaxy-a/galaxy-a06-light-green-64gb-sm-a065flgdxxv/,PD
VN,https://www.samsung.com/vn/smartphones/galaxy-a/galaxy-a06-light-green-128gb-sm-a065flggxxv/,https://www.samsung.com/vn/smartphones/galaxy-a/galaxy-a06-light-green-128gb-sm-a065flggxxv/,PD
VN,https://www.samsung.com/vn/smartphones/galaxy-a/galaxy-a06-light-green-128gb-sm-a065flghxxv/,https://www.samsung.com/vn/smartphones/galaxy-a/galaxy-a06-light-green-128gb-sm-a065flghxxv/,PD
VN,https://www.samsung.com/vn/smartphones/galaxy-a/galaxy-a06-blue-black-64gb-sm-a065fzkdxxv/,https://www.samsung.com/vn/smartphones/galaxy-a/galaxy-a06-blue-black-64gb-sm-a065fzkdxxv/,PD
VN,https://www.samsung.com/vn/smartphones/galaxy-a/galaxy-a06-blue-black-128gb-sm-a065fzkgxxv/,https://www.samsung.com/vn/smartphones/galaxy-a/galaxy-a06-blue-black-128gb-sm-a065fzkgxxv/,PD
VN,https://www.samsung.com/vn/smartphones/galaxy-a/galaxy-a06-blue-black-128gb-sm-a065fzkhxxv/,https://www.samsung.com/vn/smartphones/galaxy-a/galaxy-a06-blue-black-128gb-sm-a065fzkhxxv/,PD
VN,https://www.samsung.com/vn/mobile-accessories/keith-haring-slim-case-for-galaxy-z-flip6-black-gp-fpf741sbcbw/,https://www.samsung.com/vn/mobile-accessories/keith-haring-slim-case-for-galaxy-z-flip6-black-gp-fpf741sbcbw/,PD
VN,https://www.samsung.com/vn/mobile-accessories/keith-haring-slim-case-for-galaxy-z-flip6-gold-gp-fpf741sbcfw/,https://www.samsung.com/vn/mobile-accessories/keith-haring-slim-case-for-galaxy-z-flip6-gold-gp-fpf741sbcfw/,PD
VN,https://www.samsung.com/vn/mobile-accessories/keith-haring-slim-case-for-galaxy-z-flip6-red-gp-fpf741sbcrw/,https://www.samsung.com/vn/mobile-accessories/keith-haring-slim-case-for-galaxy-z-flip6-red-gp-fpf741sbcrw/,PD
VN,https://www.samsung.com/vn/mobile-accessories/anymode-galaxy-watch7-unikko-embossed-band-pink-gp-tyr940ambpw/,https://www.samsung.com/vn/mobile-accessories/anymode-galaxy-watch7-unikko-embossed-band-pink-gp-tyr940ambpw/,PD
VN,https://www.samsung.com/vn/offer/corporate-epp/,https://www.samsung.com/vn/offer/corporate-epp/,Offer
VN,https://www.samsung.com/vn/offer/uu-dai-chinh-phu/,https://www.samsung.com/vn/offer/uu-dai-chinh-phu/,Offer
VN,https://www.samsung.com/vn/offer/vip-mall/,https://www.samsung.com/vn/offer/vip-mall/,Offer
VN,https://www.samsung.com/vn/offer/uu-dai-sinh-vien/,https://www.samsung.com/vn/offer/uu-dai-sinh-vien/,Offer
VN,https://www.samsung.com/vn/store/samsung-west-lake/,https://www.samsung.com/vn/store/samsung-west-lake/,Unclassified
VN,https://www.samsung.com/vn/store/samsung-68/,https://www.samsung.com/vn/store/samsung-68/,Unclassified
VN,https://www.samsung.com/vn/footer/,https://www.samsung.com/vn/footer/,Footer
VN,https://www.samsung.com/vn/welcome-to-samsung/,https://www.samsung.com/vn/welcome-to-samsung/,Unclassified
VN,https://www.samsung.com/vn/smartphones/galaxy-a/galaxy-a25-5g-blue-128gb-sm-a256ezbdxxv/,https://www.samsung.com/vn/smartphones/galaxy-a/galaxy-a25-5g-blue-128gb-sm-a256ezbdxxv/,PD
VN,https://www.samsung.com/vn/smartphones/galaxy-a/galaxy-a25-5g-blue-128gb-sm-a256ezbgxxv/,https://www.samsung.com/vn/smartphones/galaxy-a/galaxy-a25-5g-blue-128gb-sm-a256ezbgxxv/,PD
VN,https://www.samsung.com/vn/smartphones/galaxy-a/galaxy-a25-5g-blue-128gb-sm-a256ezkdxxv/,https://www.samsung.com/vn/smartphones/galaxy-a/galaxy-a25-5g-blue-128gb-sm-a256ezkdxxv/,PD
VN,https://www.samsung.com/vn/smartphones/galaxy-a/galaxy-a25-5g-blue-128gb-sm-a256ezkgxxv/,https://www.samsung.com/vn/smartphones/galaxy-a/galaxy-a25-5g-blue-128gb-sm-a256ezkgxxv/,PD
VN,https://www.samsung.com/vn/smartphones/galaxy-a/galaxy-a25-5g-yellow-128gb-sm-a256ezydxxv/,https://www.samsung.com/vn/smartphones/galaxy-a/galaxy-a25-5g-yellow-128gb-sm-a256ezydxxv/,PD
VN,https://www.samsung.com/vn/smartphones/galaxy-a/galaxy-a25-5g-yellow-128gb-sm-a256ezygxxv/,https://www.samsung.com/vn/smartphones/galaxy-a/galaxy-a25-5g-yellow-128gb-sm-a256ezygxxv/,PD
VN,https://www.samsung.com/vn/vacuum-cleaners/robot/70w--jet-bot-combo--all-in-one-clean-station-steam-plus-with-steamwash-satin-greige-vr7md96514g-sv/,https://www.samsung.com/vn/vacuum-cleaners/robot/70w--jet-bot-combo--all-in-one-clean-station-steam-plus-with-steamwash-satin-greige-vr7md96514g-sv/,PD
VN,https://www.samsung.com/vn/cooking-appliances/hoods/5-1-cooktop-with-dual-flex-zone-and-hood-with-washable-aluminum-filter-f-sv02nk24nz64/,https://www.samsung.com/vn/cooking-appliances/hoods/5-1-cooktop-with-dual-flex-zone-and-hood-with-washable-aluminum-filter-f-sv02nk24nz64/,PD
VN,https://www.samsung.com/vn/washers-and-dryers/washer-dryer-combo/wd8000dk-combo-all-in-one-combo-super-speed-25kg-gray-wd25db8995bzsv/,https://www.samsung.com/vn/washers-and-dryers/washer-dryer-combo/wd8000dk-combo-all-in-one-combo-super-speed-25kg-gray-wd25db8995bzsv/,PD
VN,https://www.samsung.com/vn/washers-and-dryers/washer-dryer-combo/9kg-ai-heatpump-smart-dryer-and-10kg-ai-ecobubble-tm-smart-washing-machine-f-svdv90ww10dx/,https://www.samsung.com/vn/washers-and-dryers/washer-dryer-combo/9kg-ai-heatpump-smart-dryer-and-10kg-ai-ecobubble-tm-smart-washing-machine-f-svdv90ww10dx/,PD
VN,https://www.samsung.com/vn/cooking-appliances/ovens/4-electric-oven-with-bespoke-design-and-dishwasher-with-soft-railing-auto-open-f-sv04dw50nvas/,https://www.samsung.com/vn/cooking-appliances/ovens/4-electric-oven-with-bespoke-design-and-dishwasher-with-soft-railing-auto-open-f-sv04dw50nvas/,PD
VN,https://www.samsung.com/vn/washers-and-dryers/all-washers-and-dryers/,https://www.samsung.com/vn/washers-and-dryers/all-washers-and-dryers/,PF
VN,https://www.samsung.com/vn/members/all-content/brand/empowering-a-better-you/,https://www.samsung.com/vn/members/all-content/brand/empowering-a-better-you/,Unclassified
VN,https://www.samsung.com/vn/tvs/,https://www.samsung.com/vn/tvs/,PCD
VN,https://www.samsung.com/vn/audio-devices/,https://www.samsung.com/vn/audio-devices/,PCD
VN,https://www.samsung.com/vn/lifestyle-tvs/,https://www.samsung.com/vn/lifestyle-tvs/,PCD
VN,https://www.samsung.com/vn/tvs/gaming-tv/,https://www.samsung.com/vn/tvs/gaming-tv/,Unclassified
VN,https://www.samsung.com/vn/tvs/all-tvs/,https://www.samsung.com/vn/tvs/all-tvs/,PF
VN,https://www.samsung.com/vn/audio-devices/all-audio-devices/,https://www.samsung.com/vn/audio-devices/all-audio-devices/,PF
VN,https://www.samsung.com/vn/smartphones/galaxy-note/,https://www.samsung.com/vn/smartphones/galaxy-s/?s-pen-embeded,PF
VN,https://www.samsung.com/vn/air-conditioners/all-air-conditioners/,https://www.samsung.com/vn/air-conditioners/all-air-conditioners/,PF
VN,https://www.samsung.com/vn/air-care/air-purifier/,https://www.samsung.com/vn/air-care/air-purifier/,PF
VN,https://www.samsung.com/vn/cooking-appliances/all-cooking-appliances/,https://www.samsung.com/vn/cooking-appliances/all-cooking-appliances/,PF
VN,https://www.samsung.com/vn/vacuum-cleaners/all-vacuum-cleaners/,https://www.samsung.com/vn/vacuum-cleaners/all-vacuum-cleaners/,PF
VN,https://www.samsung.com/vn/monitors/,https://www.samsung.com/vn/monitors/,PCD
VN,https://www.samsung.com/vn/samsung-pay/,https://www.samsung.com/vn/samsung-pay/,Unclassified
VN,https://www.samsung.com/vn/monitors/high-resolution-monitor/,https://www.samsung.com/vn/monitors/viewfinity-high-resolution-monitor/,Unclassified
VN,https://www.samsung.com/vn/mobile-accessories/50w-power-adapter-duo-black-ep-t5020xbegww/,https://www.samsung.com/vn/mobile-accessories/50w-power-adapter-duo-black-ep-t5020xbegww/,PD
VN,https://www.samsung.com/vn/watches/galaxy-watch/galaxy-watch-ultra-titanium-gray-lte-sm-l705fdaaxxv/,https://www.samsung.com/vn/watches/galaxy-watch/galaxy-watch-ultra-titanium-gray-lte-sm-l705fdaaxxv/,PD
VN,https://www.samsung.com/vn/watches/galaxy-watch/galaxy-watch-ultra-titanium-silver-lte-sm-l705fztaxxv/,https://www.samsung.com/vn/watches/galaxy-watch/galaxy-watch-ultra-titanium-silver-lte-sm-l705fztaxxv/,PD
VN,https://www.samsung.com/vn/watches/galaxy-watch/galaxy-watch-ultra-titanium-white-lte-sm-l705fzwaxxv/,https://www.samsung.com/vn/watches/galaxy-watch/galaxy-watch-ultra-titanium-white-lte-sm-l705fzwaxxv/,PD
VN,https://www.samsung.com/vn/audio-sound/galaxy-buds/galaxy-buds3-pro-silver-sm-r630nzaaxxv/,https://www.samsung.com/vn/audio-sound/galaxy-buds/galaxy-buds3-pro-silver-sm-r630nzaaxxv/,PD
VN,https://www.samsung.com/vn/audio-sound/galaxy-buds/galaxy-buds3-pro-white-sm-r630nzwaxxv/,https://www.samsung.com/vn/audio-sound/galaxy-buds/galaxy-buds3-pro-white-sm-r630nzwaxxv/,PD
VN,https://www.samsung.com/vn/sustainability/accessibility/vision/,https://www.samsung.com/vn/sustainability/accessibility/overview/,OOS
VN,https://www.samsung.com/vn/sustainability/accessibility/hearing/,https://www.samsung.com/vn/sustainability/accessibility/overview/,OOS
VN,https://www.samsung.com/vn/sustainability/accessibility/mobility/,https://www.samsung.com/vn/sustainability/accessibility/overview/,OOS
VN,https://www.samsung.com/vn/sustainability/accessibility/cognitive/,https://www.samsung.com/vn/sustainability/accessibility/overview/,OOS
VN,https://www.samsung.com/vn/sustainability/accessibility/vision/mobile-voice-assistant/,https://www.samsung.com/vn/sustainability/accessibility/mobile/voice-assistant/,OOS
VN,https://www.samsung.com/vn/sustainability/accessibility/mobility/mobile-universal-switch/,https://www.samsung.com/vn/sustainability/accessibility/mobile/universal-switch/,OOS
VN,https://www.samsung.com/vn/sustainability/accessibility/mobility/mobile-assistant-menu/,https://www.samsung.com/vn/sustainability/accessibility/mobile/assistant-menu/,OOS
VN,https://www.samsung.com/vn/sustainability/environment/climate-action/,https://www.samsung.com/vn/sustainability/environment/,OOS
VN,https://www.samsung.com/vn/sustainability/environment/resource-efficiency/,https://www.samsung.com/vn/sustainability/environment/,OOS
VN,https://www.samsung.com/vn/sustainability/environment/eco-conscious-products/,https://www.samsung.com/vn/sustainability/environment/,OOS
VN,https://www.samsung.com/vn/sustainability/,https://www.samsung.com/vn/sustainability/,OOS
VN,https://www.samsung.com/vn/sustainability/accessibility/overview/,https://www.samsung.com/vn/sustainability/accessibility/overview/,OOS
VN,https://www.samsung.com/vn/sustainability/accessibility/mobile/,https://www.samsung.com/vn/sustainability/accessibility/mobile/,OOS
VN,https://www.samsung.com/vn/sustainability/accessibility/mobile/voice-assistant/,https://www.samsung.com/vn/sustainability/accessibility/mobile/voice-assistant/,OOS
VN,https://www.samsung.com/vn/sustainability/accessibility/mobile/universal-switch/,https://www.samsung.com/vn/sustainability/accessibility/mobile/universal-switch/,OOS
VN,https://www.samsung.com/vn/sustainability/accessibility/mobile/assistant-menu/,https://www.samsung.com/vn/sustainability/accessibility/mobile/assistant-menu/,OOS
VN,https://www.samsung.com/vn/sustainability/accessibility/tv-audio/,https://www.samsung.com/vn/sustainability/accessibility/tv-audio/,OOS
VN,https://www.samsung.com/vn/sustainability/accessibility/web-accessibility/,https://www.samsung.com/vn/sustainability/accessibility/web-accessibility/,OOS
VN,https://www.samsung.com/vn/sustainability/accessibility/home-appliances/,https://www.samsung.com/vn/sustainability/accessibility/home-appliances/,OOS
VN,https://www.samsung.com/vn/sustainability/environment/,https://www.samsung.com/vn/sustainability/environment/,OOS
VN,https://www.samsung.com/vn/members/,https://www.samsung.com/vn/members/,Unclassified
VN,https://www.samsung.com/vn/members/news-and-tips/,https://www.samsung.com/vn/members/news-and-tips/,Unclassified
VN,https://www.samsung.com/vn/monitors/viewfinity-high-resolution-monitor/,https://www.samsung.com/vn/monitors/viewfinity-high-resolution-monitor/,Unclassified
VN,https://www.samsung.com/vn/store/ha-noi-come-say-hi/,https://www.samsung.com/vn/store/ha-noi-come-say-hi/,Unclassified
VN,https://www.samsung.com/vn/mobile-accessories/45w-power-adapter-black-ep-t4511nbegww/,https://www.samsung.com/vn/mobile-accessories/45w-power-adapter-black-ep-t4511nbegww/,PD
VN,https://www.samsung.com/vn/mobile-accessories/45w-power-adapter-black-ep-t4511xbegww/,https://www.samsung.com/vn/mobile-accessories/45w-power-adapter-black-ep-t4511xbegww/,PD
VN,https://www.samsung.com/vn/education/,https://www.samsung.com/vn/education/,Unclassified
VN,https://www.samsung.com/vn/education/k-to-12/,https://www.samsung.com/vn/education/k-to-12/,Unclassified
VN,https://www.samsung.com/vn/education/higher-education/,https://www.samsung.com/vn/education/higher-education/,Unclassified
VN,https://www.samsung.com/vn/explore/brand/empowering-a-better-you/,https://www.samsung.com/vn/explore/brand/empowering-a-better-you/,Explore
VN,https://www.samsung.com/vn/business/sustainability/diversity-and-inclusion/,https://www.samsung.com/vn/business/sustainability/diversity-and-inclusion/,OOS
VN,https://www.samsung.com/vn/business/,https://www.samsung.com/vn/business/,Unclassified
VN,https://www.samsung.com/vn/business/smartphones/,https://www.samsung.com/vn/business/smartphones/,Unclassified
VN,https://www.samsung.com/vn/business/memory-storage/nvme-ssd/,https://www.samsung.com/vn/business/memory-storage/all-memory-storage/?nvme-ssd,Unclassified
VN,https://www.samsung.com/vn/business/memory-storage/sata-ssd/,https://www.samsung.com/vn/business/memory-storage/all-memory-storage/?sata-ssd,Unclassified
VN,https://www.samsung.com/vn/business/memory-storage/portable-ssd/,https://www.samsung.com/vn/business/memory-storage/all-memory-storage/?portable-ssd,Unclassified
VN,https://www.samsung.com/vn/business/memory-storage/usb-flash-drive/,https://www.samsung.com/vn/business/memory-storage/all-memory-storage/?usb-flash-drive,Unclassified
VN,https://www.samsung.com/vn/business/memory-storage/memory-card/,https://www.samsung.com/vn/business/memory-storage/all-memory-storage/?memory-card,Unclassified
VN,https://www.samsung.com/vn/business/memory-storage/,https://www.samsung.com/vn/business/memory-storage/all-memory-storage/,Unclassified
VN,https://www.samsung.com/vn/business/monitors/flat/,https://www.samsung.com/vn/business/monitors/?flat,Unclassified
VN,https://www.samsung.com/vn/business/monitors/curved/,https://www.samsung.com/vn/business/monitors/?curved,Unclassified
VN,https://www.samsung.com/vn/business/monitors/gaming/,https://www.samsung.com/vn/business/monitors/?gaming,Unclassified
VN,https://www.samsung.com/vn/business/monitors/business/,https://www.samsung.com/vn/business/monitors/?business,Unclassified
VN,https://www.samsung.com/vn/business/monitors/high-resolution/,https://www.samsung.com/vn/business/monitors/?high-resolution,Unclassified
VN,https://www.samsung.com/vn/business/monitors/smart/,https://www.samsung.com/vn/business/monitors/?smart,Unclassified
VN,https://www.samsung.com/vn/business/memory-storage/all-memory-storage/,https://www.samsung.com/vn/business/memory-storage/all-memory-storage/,Unclassified
VN,https://www.samsung.com/vn/business/smart-signage/interactive-display/flip-pro-wm75b-interactive-display-lh75wmbwlgcxxv/,https://www.samsung.com/vn/business/smart-signage/interactive-display/flip-pro-wm75b-interactive-display-lh75wmbwlgcxxv/,Unclassified
VN,https://www.samsung.com/vn/business/smart-signage/interactive-display/flip-pro-wm85b-interactive-display-lh85wmbwlgcxxv/,https://www.samsung.com/vn/business/smart-signage/interactive-display/flip-pro-wm85b-interactive-display-lh85wmbwlgcxxv/,Unclassified
VN,https://www.samsung.com/vn/business/footer/,https://www.samsung.com/vn/business/footer/,Footer
VN,https://www.samsung.com/vn/business/monitors/,https://www.samsung.com/vn/business/monitors/,Unclassified
VN,https://www.samsung.com/vn/business/memory-storage/nvme-ssd/980-pro-with-heatsink-1tb-nvme-pcie-gen-4-mz-v8p1t0cw/,https://www.samsung.com/vn/business/memory-storage/nvme-ssd/980-pro-with-heatsink-1tb-nvme-pcie-gen-4-mz-v8p1t0cw/,Unclassified
VN,https://www.samsung.com/vn/business/memory-storage/nvme-ssd/980-pro-with-heatsink-2tb-nvme-pcie-gen-4-mz-v8p2t0cw/,https://www.samsung.com/vn/business/memory-storage/nvme-ssd/980-pro-with-heatsink-2tb-nvme-pcie-gen-4-mz-v8p2t0cw/,Unclassified
VN,https://www.samsung.com/vn/business/memory-storage/nvme-ssd/pm9a3-1-92tb-mz-ql21t900/,https://www.samsung.com/vn/business/memory-storage/nvme-ssd/pm9a3-1-92tb-mz-ql21t900/,Unclassified
VN,https://www.samsung.com/vn/business/memory-storage/nvme-ssd/pm9a3-3-84tb-mz-ql23t800/,https://www.samsung.com/vn/business/memory-storage/nvme-ssd/pm9a3-3-84tb-mz-ql23t800/,Unclassified
VN,https://www.samsung.com/vn/business/memory-storage/nvme-ssd/pm9a3-7-68tb-mz-ql27t600/,https://www.samsung.com/vn/business/memory-storage/nvme-ssd/pm9a3-7-68tb-mz-ql27t600/,Unclassified
VN,https://www.samsung.com/vn/business/memory-storage/nvme-ssd/pm9a3-960gb-mz-ql296000/,https://www.samsung.com/vn/business/memory-storage/nvme-ssd/pm9a3-960gb-mz-ql296000/,Unclassified
VN,https://www.samsung.com/vn/business/memory-storage/memory-card/evo-plus-128gb-microsd-card-2021-mb-mc128ka-apc/,https://www.samsung.com/vn/business/memory-storage/memory-card/evo-plus-128gb-microsd-card-2021-mb-mc128ka-apc/,Unclassified
VN,https://www.samsung.com/vn/business/memory-storage/memory-card/evo-plus-256gb-microsd-card-2021-mb-mc256ka-apc/,https://www.samsung.com/vn/business/memory-storage/memory-card/evo-plus-256gb-microsd-card-2021-mb-mc256ka-apc/,Unclassified
VN,https://www.samsung.com/vn/business/memory-storage/memory-card/evo-plus-512gb-microsd-card-2021-mb-mc512ka-apc/,https://www.samsung.com/vn/business/memory-storage/memory-card/evo-plus-512gb-microsd-card-2021-mb-mc512ka-apc/,Unclassified
VN,https://www.samsung.com/vn/business/memory-storage/memory-card/evo-plus-64gb-microsd-card-2021-mb-mc64ka-apc/,https://www.samsung.com/vn/business/memory-storage/memory-card/evo-plus-64gb-microsd-card-2021-mb-mc64ka-apc/,Unclassified
VN,https://www.samsung.com/vn/business/memory-storage/memory-card/memory-card-pro-plus-sd-card-128gb-mb-sd128s-eu/,https://www.samsung.com/vn/business/memory-storage/memory-card/memory-card-pro-plus-sd-card-128gb-mb-sd128s-eu/,Unclassified
VN,https://www.samsung.com/vn/business/memory-storage/memory-card/memory-card-pro-plus-sd-card-256gb-mb-sd256s-apc/,https://www.samsung.com/vn/business/memory-storage/memory-card/memory-card-pro-plus-sd-card-256gb-mb-sd256s-apc/,Unclassified
VN,https://www.samsung.com/vn/business/memory-storage/memory-card/memory-card-pro-plus-sd-card-512gb-mb-sd512s-apc/,https://www.samsung.com/vn/business/memory-storage/memory-card/memory-card-pro-plus-sd-card-512gb-mb-sd512s-apc/,Unclassified
VN,https://www.samsung.com/vn/business/memory-storage/memory-card/memory-card-pro-plus-sd-card-64gb-mb-sd64s-eu/,https://www.samsung.com/vn/business/memory-storage/memory-card/memory-card-pro-plus-sd-card-64gb-mb-sd64s-eu/,Unclassified
VN,https://www.samsung.com/vn/business/memory-storage/nvme-ssd/990-pro-1tb-nvme-pcie-gen-4-mz-v9p1t0bw/,https://www.samsung.com/vn/business/memory-storage/nvme-ssd/990-pro-1tb-nvme-pcie-gen-4-mz-v9p1t0bw/,Unclassified
VN,https://www.samsung.com/vn/business/memory-storage/nvme-ssd/990-pro-2tb-nvme-pcie-gen-4-mz-v9p2t0bw/,https://www.samsung.com/vn/business/memory-storage/nvme-ssd/990-pro-2tb-nvme-pcie-gen-4-mz-v9p2t0bw/,Unclassified
VN,https://www.samsung.com/vn/business/memory-storage/nvme-ssd/990-pro-4tb-nvme-pcie-gen-4-mz-v9p4t0bw/,https://www.samsung.com/vn/business/memory-storage/nvme-ssd/990-pro-4tb-nvme-pcie-gen-4-mz-v9p4t0bw/,Unclassified
VN,https://www.samsung.com/vn/business/memory-storage/memory-card/memory-card-pro-ultimate-sd-card-128gb-mb-sy128s-ww/,https://www.samsung.com/vn/business/memory-storage/memory-card/memory-card-pro-ultimate-sd-card-128gb-mb-sy128s-ww/,Unclassified
VN,https://www.samsung.com/vn/business/memory-storage/memory-card/memory-card-pro-ultimate-sd-card-256gb-mb-sy256s-ww/,https://www.samsung.com/vn/business/memory-storage/memory-card/memory-card-pro-ultimate-sd-card-256gb-mb-sy256s-ww/,Unclassified
VN,https://www.samsung.com/vn/business/memory-storage/memory-card/memory-card-pro-ultimate-sd-card-512gb-mb-sy512s-ww/,https://www.samsung.com/vn/business/memory-storage/memory-card/memory-card-pro-ultimate-sd-card-512gb-mb-sy512s-ww/,Unclassified
VN,https://www.samsung.com/vn/business/memory-storage/memory-card/memory-card-pro-ultimate-sd-card-64gb-mb-sy64s-ww/,https://www.samsung.com/vn/business/memory-storage/memory-card/memory-card-pro-ultimate-sd-card-64gb-mb-sy64s-ww/,Unclassified
VN,https://www.samsung.com/vn/business/memory-storage/sata-ssd/pm893-1-92tb-mz-7l31t900/,https://www.samsung.com/vn/business/memory-storage/sata-ssd/pm893-1-92tb-mz-7l31t900/,Unclassified
VN,https://www.samsung.com/vn/business/memory-storage/sata-ssd/pm893-240gb-mz-7l324000/,https://www.samsung.com/vn/business/memory-storage/sata-ssd/pm893-240gb-mz-7l324000/,Unclassified
VN,https://www.samsung.com/vn/business/memory-storage/sata-ssd/pm893-3-84tb-mz-7l33t800/,https://www.samsung.com/vn/business/memory-storage/sata-ssd/pm893-3-84tb-mz-7l33t800/,Unclassified
VN,https://www.samsung.com/vn/business/memory-storage/sata-ssd/pm893-480gb-mz-7l348000/,https://www.samsung.com/vn/business/memory-storage/sata-ssd/pm893-480gb-mz-7l348000/,Unclassified
VN,https://www.samsung.com/vn/business/memory-storage/sata-ssd/pm893-7-68tb-mz-7l37t600/,https://www.samsung.com/vn/business/memory-storage/sata-ssd/pm893-7-68tb-mz-7l37t600/,Unclassified
VN,https://www.samsung.com/vn/business/memory-storage/sata-ssd/pm893-960gb-mz-7l396000/,https://www.samsung.com/vn/business/memory-storage/sata-ssd/pm893-960gb-mz-7l396000/,Unclassified
VN,https://www.samsung.com/vn/business/memory-storage/memory-card/memory-card-pro-ultimate-microsd-card-128gb-mb-my128sb-ww/,https://www.samsung.com/vn/business/memory-storage/memory-card/memory-card-pro-ultimate-microsd-card-128gb-mb-my128sb-ww/,Unclassified
VN,https://www.samsung.com/vn/business/memory-storage/memory-card/memory-card-pro-ultimate-microsd-card-256gb-mb-my256sb-ww/,https://www.samsung.com/vn/business/memory-storage/memory-card/memory-card-pro-ultimate-microsd-card-256gb-mb-my256sb-ww/,Unclassified
VN,https://www.samsung.com/vn/business/memory-storage/memory-card/memory-card-pro-ultimate-microsd-card-512gb-mb-my512sb-ww/,https://www.samsung.com/vn/business/memory-storage/memory-card/memory-card-pro-ultimate-microsd-card-512gb-mb-my512sb-ww/,Unclassified
VN,https://www.samsung.com/vn/business/memory-storage/memory-card/pro-plus-128gb-microsd-card-2021-mb-md128ka-apc/,https://www.samsung.com/vn/business/memory-storage/memory-card/pro-plus-128gb-microsd-card-2021-mb-md128ka-apc/,Unclassified
VN,https://www.samsung.com/vn/business/memory-storage/memory-card/pro-plus-256gb-microsd-card-2021-mb-md256ka-apc/,https://www.samsung.com/vn/business/memory-storage/memory-card/pro-plus-256gb-microsd-card-2021-mb-md256ka-apc/,Unclassified
VN,https://www.samsung.com/vn/business/memory-storage/memory-card/pro-plus-512gb-microsd-card-2021-mb-md512ka-apc/,https://www.samsung.com/vn/business/memory-storage/memory-card/pro-plus-512gb-microsd-card-2021-mb-md512ka-apc/,Unclassified
VN,https://www.samsung.com/vn/business/memory-storage/nvme-ssd/990-evo-1tb-mz-v9e1t0bw/,https://www.samsung.com/vn/business/memory-storage/nvme-ssd/990-evo-1tb-mz-v9e1t0bw/,Unclassified
VN,https://www.samsung.com/vn/business/memory-storage/nvme-ssd/990-evo-2tb-mz-v9e2t0bw/,https://www.samsung.com/vn/business/memory-storage/nvme-ssd/990-evo-2tb-mz-v9e2t0bw/,Unclassified
VN,https://www.samsung.com/vn/business/memory-storage/memory-card/memory-card-pro-plus-microsd-card-128gb-mb-md128sb-ww/,https://www.samsung.com/vn/business/memory-storage/memory-card/memory-card-pro-plus-microsd-card-128gb-mb-md128sb-ww/,Unclassified
VN,https://www.samsung.com/vn/business/memory-storage/memory-card/memory-card-pro-plus-microsd-card-256gb-mb-md256sb-ww/,https://www.samsung.com/vn/business/memory-storage/memory-card/memory-card-pro-plus-microsd-card-256gb-mb-md256sb-ww/,Unclassified
VN,https://www.samsung.com/vn/business/memory-storage/memory-card/memory-card-pro-plus-microsd-card-512gb-mb-md512sb-ww/,https://www.samsung.com/vn/business/memory-storage/memory-card/memory-card-pro-plus-microsd-card-512gb-mb-md512sb-ww/,Unclassified
VN,https://www.samsung.com/vn/business/memory-storage/memory-card/memory-card-pro-plus-microsd-card-128gb-mb-md128sa-apc/,https://www.samsung.com/vn/business/memory-storage/memory-card/memory-card-pro-plus-microsd-card-128gb-mb-md128sa-apc/,Unclassified
VN,https://www.samsung.com/vn/business/memory-storage/memory-card/memory-card-pro-plus-microsd-card-256gb-mb-md256sa-apc/,https://www.samsung.com/vn/business/memory-storage/memory-card/memory-card-pro-plus-microsd-card-256gb-mb-md256sa-apc/,Unclassified
VN,https://www.samsung.com/vn/business/memory-storage/memory-card/memory-card-pro-plus-microsd-card-512gb-mb-md512sa-apc/,https://www.samsung.com/vn/business/memory-storage/memory-card/memory-card-pro-plus-microsd-card-512gb-mb-md512sa-apc/,Unclassified
VN,https://www.samsung.com/vn/business/memory-storage/nvme-ssd/980-pro-1tb-nvme-pcie-gen-4-mz-v8p1t0bw/,https://www.samsung.com/vn/business/memory-storage/nvme-ssd/980-pro-1tb-nvme-pcie-gen-4-mz-v8p1t0bw/,Unclassified
VN,https://www.samsung.com/vn/business/memory-storage/nvme-ssd/980-pro-256gb-nvme-pcie-gen-4-mz-v8p250bw/,https://www.samsung.com/vn/business/memory-storage/nvme-ssd/980-pro-1tb-nvme-pcie-gen-4-mz-v8p1t0bw/,Unclassified
VN,https://www.samsung.com/vn/business/memory-storage/nvme-ssd/980-pro-2tb-nvme-pcie-gen-4-mz-v8p2t0bw/,https://www.samsung.com/vn/business/memory-storage/nvme-ssd/980-pro-2tb-nvme-pcie-gen-4-mz-v8p2t0bw/,Unclassified
VN,https://www.samsung.com/vn/business/memory-storage/nvme-ssd/980-pro-500gb-nvme-pcie-gen-4-mz-v8p500bw/,https://www.samsung.com/vn/business/memory-storage/nvme-ssd/980-pro-1tb-nvme-pcie-gen-4-mz-v8p1t0bw/,Unclassified
VN,https://www.samsung.com/vn/business/memory-storage/nvme-ssd/970-evo-plus-nvme-m-2-ssd-1tb-mz-v7s1t0bw/,https://www.samsung.com/vn/business/memory-storage/nvme-ssd/970-evo-plus-nvme-m-2-ssd-1tb-mz-v7s1t0bw/,Unclassified
VN,https://www.samsung.com/vn/business/memory-storage/nvme-ssd/970-evo-plus-nvme-m-2-ssd-250gb-mz-v7s250bw/,https://www.samsung.com/vn/business/memory-storage/nvme-ssd/970-evo-plus-nvme-m-2-ssd-250gb-mz-v7s250bw/,Unclassified
VN,https://www.samsung.com/vn/business/memory-storage/nvme-ssd/970-evo-plus-nvme-m-2-ssd-2tb-mz-v7s2t0bw/,https://www.samsung.com/vn/business/memory-storage/nvme-ssd/970-evo-plus-nvme-m-2-ssd-2tb-mz-v7s2t0bw/,Unclassified
VN,https://www.samsung.com/vn/business/memory-storage/nvme-ssd/970-evo-plus-nvme-m-2-ssd-500gb-mz-v7s500bw/,https://www.samsung.com/vn/business/memory-storage/nvme-ssd/970-evo-plus-nvme-m-2-ssd-500gb-mz-v7s500bw/,Unclassified
VN,https://www.samsung.com/vn/business/memory-storage/memory-card/memory-card-evo-plus-microsd-card-128gb-mb-mc128sa-apc/,https://www.samsung.com/vn/business/memory-storage/memory-card/memory-card-evo-plus-microsd-card-128gb-mb-mc128sa-apc/,Unclassified
VN,https://www.samsung.com/vn/business/memory-storage/memory-card/memory-card-evo-plus-microsd-card-1tb-mb-mc1t0sa-apc/,https://www.samsung.com/vn/business/memory-storage/memory-card/memory-card-evo-plus-microsd-card-1tb-mb-mc1t0sa-apc/,Unclassified
VN,https://www.samsung.com/vn/business/memory-storage/memory-card/memory-card-evo-plus-microsd-card-256gb-mb-mc256sa-apc/,https://www.samsung.com/vn/business/memory-storage/memory-card/memory-card-evo-plus-microsd-card-256gb-mb-mc256sa-apc/,Unclassified
VN,https://www.samsung.com/vn/business/memory-storage/memory-card/memory-card-evo-plus-microsd-card-512gb-mb-mc512sa-apc/,https://www.samsung.com/vn/business/memory-storage/memory-card/memory-card-evo-plus-microsd-card-512gb-mb-mc512sa-apc/,Unclassified
VN,https://www.samsung.com/vn/business/memory-storage/memory-card/memory-card-evo-plus-microsd-card-64gb-mb-mc64sa-apc/,https://www.samsung.com/vn/business/memory-storage/memory-card/memory-card-evo-plus-microsd-card-64gb-mb-mc64sa-apc/,Unclassified
VN,https://www.samsung.com/vn/business/memory-storage/memory-card/memory-card-pro-ultimate-microsd-card-128gb-mb-my128sa-ww/,https://www.samsung.com/vn/business/memory-storage/memory-card/memory-card-pro-ultimate-microsd-card-128gb-mb-my128sa-ww/,Unclassified
VN,https://www.samsung.com/vn/business/memory-storage/memory-card/memory-card-pro-ultimate-microsd-card-256gb-mb-my256sa-ww/,https://www.samsung.com/vn/business/memory-storage/memory-card/memory-card-pro-ultimate-microsd-card-256gb-mb-my256sa-ww/,Unclassified
VN,https://www.samsung.com/vn/business/memory-storage/memory-card/memory-card-pro-ultimate-microsd-card-512gb-mb-my512sa-ww/,https://www.samsung.com/vn/business/memory-storage/memory-card/memory-card-pro-ultimate-microsd-card-512gb-mb-my512sa-ww/,Unclassified
VN,https://www.samsung.com/vn/business/memory-storage/nvme-ssd/980-1tb-nvme-pcie-gen-3-mz-v8v1t0bw/,https://www.samsung.com/vn/business/memory-storage/nvme-ssd/980-1tb-nvme-pcie-gen-3-mz-v8v1t0bw/,Unclassified
VN,https://www.samsung.com/vn/business/memory-storage/nvme-ssd/980-250gb-nvme-pcie-gen-3-mz-v8v250bw/,https://www.samsung.com/vn/business/memory-storage/nvme-ssd/980-250gb-nvme-pcie-gen-3-mz-v8v250bw/,Unclassified
VN,https://www.samsung.com/vn/business/memory-storage/nvme-ssd/980-500gb-nvme-pcie-gen-3-mz-v8v500bw/,https://www.samsung.com/vn/business/memory-storage/nvme-ssd/980-500gb-nvme-pcie-gen-3-mz-v8v500bw/,Unclassified
VN,https://www.samsung.com/vn/business/memory-storage/nvme-ssd/nvme-pcie-gen-4-1tb-mz-v9p1t0cw/,https://www.samsung.com/vn/business/memory-storage/nvme-ssd/nvme-pcie-gen-4-1tb-mz-v9p1t0cw/,Unclassified
VN,https://www.samsung.com/vn/business/memory-storage/nvme-ssd/nvme-pcie-gen-4-2tb-mz-v9p2t0cw/,https://www.samsung.com/vn/business/memory-storage/nvme-ssd/nvme-pcie-gen-4-2tb-mz-v9p2t0cw/,Unclassified
VN,https://www.samsung.com/vn/business/memory-storage/nvme-ssd/nvme-pcie-gen-4-4tb-mz-v9p4t0cw/,https://www.samsung.com/vn/business/memory-storage/nvme-ssd/nvme-pcie-gen-4-4tb-mz-v9p4t0cw/,Unclassified
VN,https://www.samsung.com/vn/business/memory-storage/sata-ssd/870-qvo-1tb-sata-3-2-5-ssd-mz-77q1t0bw/,https://www.samsung.com/vn/business/memory-storage/sata-ssd/870-qvo-1tb-sata-3-2-5-ssd-mz-77q1t0bw/,Unclassified
VN,https://www.samsung.com/vn/business/memory-storage/sata-ssd/870-qvo-2tb-sata-3-2-5-ssd-mz-77q2t0bw/,https://www.samsung.com/vn/business/memory-storage/sata-ssd/870-qvo-2tb-sata-3-2-5-ssd-mz-77q2t0bw/,Unclassified
VN,https://www.samsung.com/vn/business/memory-storage/sata-ssd/870-qvo-4tb-sata-3-2-5-ssd-mz-77q4t0bw/,https://www.samsung.com/vn/business/memory-storage/sata-ssd/870-qvo-4tb-sata-3-2-5-ssd-mz-77q4t0bw/,Unclassified
VN,https://www.samsung.com/vn/business/memory-storage/sata-ssd/870-qvo-8tb-sata-3-2-5-ssd-mz-77q8t0bw/,https://www.samsung.com/vn/business/memory-storage/sata-ssd/870-qvo-8tb-sata-3-2-5-ssd-mz-77q8t0bw/,Unclassified
VN,https://www.samsung.com/vn/business/memory-storage/memory-card/memory-card-pro-endurance-128gb-mb-mj128ka-apc/,https://www.samsung.com/vn/business/memory-storage/memory-card/memory-card-pro-endurance-128gb-mb-mj128ka-apc/,Unclassified
VN,https://www.samsung.com/vn/business/memory-storage/memory-card/memory-card-pro-endurance-256gb-mb-mj256ka-apc/,https://www.samsung.com/vn/business/memory-storage/memory-card/memory-card-pro-endurance-256gb-mb-mj256ka-apc/,Unclassified
VN,https://www.samsung.com/vn/business/memory-storage/memory-card/memory-card-pro-endurance-32gb-mb-mj32ka-apc/,https://www.samsung.com/vn/business/memory-storage/memory-card/memory-card-pro-endurance-32gb-mb-mj32ka-apc/,Unclassified
VN,https://www.samsung.com/vn/business/memory-storage/memory-card/memory-card-pro-endurance-64gb-mb-mj64ka-apc/,https://www.samsung.com/vn/business/memory-storage/memory-card/memory-card-pro-endurance-64gb-mb-mj64ka-apc/,Unclassified
VN,https://www.samsung.com/vn/business/sustainability/,https://www.samsung.com/vn/business/sustainability/,OOS
VN,https://www.samsung.com/vn/business/sustainability/accessibility/overview/,https://www.samsung.com/vn/business/sustainability/accessibility/overview/,OOS
VN,https://www.samsung.com/vn/business/sustainability/accessibility/mobile/,https://www.samsung.com/vn/business/sustainability/accessibility/mobile/,OOS
VN,https://www.samsung.com/vn/business/sustainability/accessibility/mobile/voice-assistant/,https://www.samsung.com/vn/business/sustainability/accessibility/mobile/voice-assistant/,OOS
VN,https://www.samsung.com/vn/business/sustainability/accessibility/mobile/universal-switch/,https://www.samsung.com/vn/business/sustainability/accessibility/mobile/universal-switch/,OOS
VN,https://www.samsung.com/vn/business/sustainability/accessibility/mobile/assistant-menu/,https://www.samsung.com/vn/business/sustainability/accessibility/mobile/assistant-menu/,OOS
VN,https://www.samsung.com/vn/business/sustainability/accessibility/tv-audio/,https://www.samsung.com/vn/business/sustainability/accessibility/tv-audio/,OOS
VN,https://www.samsung.com/vn/business/sustainability/accessibility/web-accessibility/,https://www.samsung.com/vn/business/sustainability/accessibility/web-accessibility/,OOS
VN,https://www.samsung.com/vn/business/sustainability/accessibility/home-appliances/,https://www.samsung.com/vn/business/sustainability/accessibility/home-appliances/,OOS
VN,https://www.samsung.com/vn/business/sustainability/environment/,https://www.samsung.com/vn/business/sustainability/environment/,OOS
VN,https://www.samsung.com/vn/business/sustainability/accessibility/vision/,https://www.samsung.com/vn/business/sustainability/accessibility/overview/,OOS
VN,https://www.samsung.com/vn/business/sustainability/accessibility/hearing/,https://www.samsung.com/vn/business/sustainability/accessibility/overview/,OOS
VN,https://www.samsung.com/vn/business/sustainability/accessibility/mobility/,https://www.samsung.com/vn/business/sustainability/accessibility/overview/,OOS
VN,https://www.samsung.com/vn/business/sustainability/accessibility/cognitive/,https://www.samsung.com/vn/business/sustainability/accessibility/overview/,OOS
VN,https://www.samsung.com/vn/business/sustainability/accessibility/vision/mobile-voice-assistant/,https://www.samsung.com/vn/business/sustainability/accessibility/mobile/voice-assistant/,OOS
VN,https://www.samsung.com/vn/business/sustainability/accessibility/mobility/mobile-universal-switch/,https://www.samsung.com/vn/business/sustainability/accessibility/mobile/universal-switch/,OOS
VN,https://www.samsung.com/vn/business/sustainability/accessibility/mobility/mobile-assistant-menu/,https://www.samsung.com/vn/business/sustainability/accessibility/mobile/assistant-menu/,OOS
VN,https://www.samsung.com/vn/business/sustainability/environment/climate-action/,https://www.samsung.com/vn/business/sustainability/environment/,OOS
VN,https://www.samsung.com/vn/business/sustainability/environment/resource-efficiency/,https://www.samsung.com/vn/business/sustainability/environment/,OOS
VN,https://www.samsung.com/vn/business/sustainability/environment/eco-conscious-products/,https://www.samsung.com/vn/business/sustainability/environment/,OOS
VN,https://www.samsung.com/vn/business/samsung-for-education/,https://www.samsung.com/vn/business/samsung-for-education/,Unclassified
VN,https://www.samsung.com/vn/business/samsung-for-education/partners/,https://www.samsung.com/vn/business/samsung-for-education/partners/,Unclassified
VN,https://www.samsung.com/vn/business/samsung-for-education/partners/solutions/,https://www.samsung.com/vn/business/samsung-for-education/partners/solutions/,Unclassified
VN,https://www.samsung.com/vn/business/samsung-for-education/partners/content/,https://www.samsung.com/vn/business/samsung-for-education/partners/content/,Unclassified
VN,https://www.samsung.com/vn/business/samsung-for-education/partners/service/,https://www.samsung.com/vn/business/samsung-for-education/partners/service/,OOS
